start_date,end_date,precip,smos,temp,ndvi,prod,region_id
12/31/2014,1/30/2015,134.0727711,9.869761929,402.236816,2.310652704,171725,93
1/31/2015,2/27/2015,34.23059914,7.948768582,450.6375022,3.035829913,188325,93
2/28/2015,3/30/2015,132.2181125,7.680415959,355.265765,3.011017704,247856,93
3/31/2015,4/29/2015,297.0858747,7.552544364,377.8251385,2.363912664,282791,93
4/30/2015,5/30/2015,273.923247,8.553097929,378.9920366,2.427249465,291057,93
5/31/2015,6/29/2015,144.1747625,9.116484487,445.3297092,3.23553747,287502,93
6/30/2015,7/30/2015,172.1036127,9.227964737,367.8199922,3.17487617,288086,93
7/31/2015,8/30/2015,175.1100498,9.138547344,461.4803893,3.07109495,313321,93
8/31/2015,9/29/2015,132.4098661,8.38437283,143.693384,1.235830434,299337,93
9/30/2015,10/30/2015,176.1907295,8.557101651,284.8390725,3.108292364,300383,93
10/31/2015,11/29/2015,385.396268,11.47247725,181.2124277,1.517550744,246005,93
11/30/2015,12/30/2015,222.4413822,10.4112012,323.0312585,3.053625991,201231,93
12/31/2015,1/30/2016,105.1449919,10.10945368,401.7286044,1.569953105,163841,93
1/31/2016,2/28/2016,160.8907636,9.761602406,159.3631335,2.393553733,166663,93
2/29/2016,3/30/2016,87.15815049,7.963964135,545.1972953,3.132861022,185974,93
3/31/2016,4/29/2016,167.3281872,7.708851273,354.3200277,3.230355766,200456,93
4/30/2016,5/30/2016,231.8606982,8.186462656,322.1520779,3.258130702,207485,93
5/31/2016,6/29/2016,125.2247136,9.680510528,340.0337754,1.604299615,229105,93
6/30/2016,7/30/2016,136.487977,7.670317121,317.077273,2.419520699,232726,93
7/31/2016,8/30/2016,106.8280291,7.565147794,263.2407317,3.248174599,264981,93
8/31/2016,9/29/2016,175.1851813,7.509283221,305.3260771,2.379240211,280248,93
9/30/2016,10/30/2016,249.2935008,8.745280449,158.5217481,0.798701666,284922,93
10/31/2016,11/29/2016,293.7714735,9.34524884,27.39470377,0.714535396,274107,93
11/30/2016,12/30/2016,187.9095507,9.698478807,283.9683279,3.096704688,254881,93
12/31/2016,1/30/2017,336.2736406,11.10465826,228.8379978,0.814644782,211810,93
1/31/2017,2/27/2017,176.3477949,8.440393383,268.6414195,2.410864979,214747,93
2/28/2017,3/30/2017,254.1803925,10.04529128,373.4257532,3.18694054,210002,93
3/31/2017,4/29/2017,363.2806557,9.692177271,375.0029716,3.29262903,216574,93
4/30/2017,5/30/2017,342.4966927,10.41215906,229.3683361,2.481960125,225834,93
5/31/2017,6/29/2017,156.4169159,9.397790286,505.8358166,3.274273542,205989,93
6/30/2017,7/30/2017,110.6388447,10.13656752,425.5321935,3.233412748,284963,93
7/31/2017,8/30/2017,216.5835479,10.33830821,252.879902,3.233306213,293140,93
8/31/2017,9/29/2017,220.6870521,9.732236521,198.3981857,2.459148991,295578,93
9/30/2017,10/30/2017,250.0181593,9.82316295,292.8059629,2.430370937,335271,93
10/31/2017,11/29/2017,370.6362564,9.912101447,83.10692796,1.642293854,326891,93
11/30/2017,12/30/2017,221.9589057,12.440738,241.1267307,2.44173017,321723,93
12/31/2017,1/30/2018,362.2436553,12.54864659,136.590577,0.793595397,265944,93
1/31/2018,2/27/2018,92.19755209,10.09143321,443.3795223,3.134673219,214754,93
2/28/2018,3/30/2018,183.4494781,9.787637984,331.1333828,3.112070681,251847,93
3/31/2018,4/29/2018,257.3858593,9.821987958,204.7443299,2.395013883,238014,93
4/30/2018,5/30/2018,267.78481,10.33916273,170.4453429,2.459678472,235459,93
5/31/2018,6/29/2018,193.1358718,9.853942267,28.43242847,2.460453497,205446,93
6/30/2018,7/30/2018,128.3152078,10.18513046,27.10428442,3.281132757,243776,93
7/31/2018,8/30/2018,85.17963465,9.259451864,118.3515742,3.222616115,266457,93
8/31/2018,9/29/2018,157.7956164,9.980146976,62.78816401,3.227662826,296852,93
9/30/2018,10/30/2018,292.9871826,10.94302986,29.75686616,2.421055798,312736,93
10/31/2018,11/29/2018,251.8371568,11.52852062,109.0049304,1.65553743,292956,93
11/30/2018,12/30/2018,197.9669138,11.12073663,276.92381,2.459990913,289214,93
12/31/2018,1/30/2019,120.8132718,10.85687089,401.2591558,1.595964925,288564,93
1/31/2019,2/27/2019,66.51869648,9.482906402,542.7175807,3.108534978,249928,93
2/28/2019,3/30/2019,160.6205821,9.555404484,597.4121617,3.126059701,263380,93
3/31/2019,4/29/2019,271.9478783,8.970320147,386.4791434,3.204538327,258641,93
4/30/2019,5/30/2019,199.1949755,8.993034443,321.2981944,2.391264515,266618,93
5/31/2019,6/29/2019,186.3363065,10.160712,301.5269005,3.318481303,247853,93
6/30/2019,7/30/2019,115.6985397,9.703040468,456.2274686,3.232372758,285648,93
7/31/2019,8/30/2019,113.2000364,8.619383079,318.6533433,3.188954883,287839,93
8/31/2019,9/29/2019,146.5297379,8.906195832,297.8907741,2.406042796,277466,93
9/30/2019,10/30/2019,330.6266735,12.32475264,258.5798995,2.438587007,275288,93
10/31/2019,11/29/2019,263.7400296,11.06641147,254.3737437,2.440330853,239004,93
11/30/2019,12/30/2019,387.6800134,12.39047704,238.9142631,3.222574179,201989,93
12/31/2019,1/30/2020,69.18324257,10.99415496,327.2088583,2.386313714,184890,93
1/31/2020,2/28/2020,186.7168754,9.901057363,392.6132427,3.154860036,228046,93
2/29/2020,3/30/2020,108.2324119,10.1336766,386.4525018,3.152603359,242595,93
3/31/2020,4/29/2020,272.9211066,10.08691578,294.2803907,2.394597369,274686,93
4/30/2020,5/30/2020,261.9666673,10.60976171,361.9777433,3.297190591,260507,93
5/31/2020,6/29/2020,240.2261564,11.77672066,168.5200638,0.832070124,321550,93
6/30/2020,7/30/2020,218.6617814,11.77838637,347.2247708,3.297239824,303763,93
7/31/2020,8/30/2020,133.8599733,11.62962642,273.237366,3.255471373,301528,93
8/31/2020,9/29/2020,208.5255493,10.9325519,196.3780239,3.262682734,302692,93
9/30/2020,10/30/2020,133.1847819,9.955175585,227.528761,1.627275477,273522,93
10/31/2020,11/29/2020,249.081883,12.29503234,55.97120689,1.609071531,246388,93
11/30/2020,12/30/2020,265.2588171,13.07751711,124.3037632,1.626918556,217480,93
12/31/2014,1/30/2015,44.75470532,7.755920023,591.0503747,2.275067578,15066,94
1/31/2015,2/27/2015,63.0088523,6.935745839,696.6670284,2.743017543,20527,94
2/28/2015,3/30/2015,113.0176525,6.794690156,677.5109545,2.823012026,31839,94
3/31/2015,4/29/2015,331.7906227,8.913364843,472.5264932,2.916687686,33341,94
4/30/2015,5/30/2015,331.493694,9.827829519,363.3643809,2.350354032,35627,94
5/31/2015,6/29/2015,188.9843948,9.888310623,259.798465,1.635371613,31725,94
6/30/2015,7/30/2015,304.9101507,9.480486406,400.3471725,3.298356066,31029,94
7/31/2015,8/30/2015,253.6667984,10.05378744,371.6111963,3.226286805,30409,94
8/31/2015,9/29/2015,315.2565998,10.60724435,319.5268129,3.109266587,25729,94
9/30/2015,10/30/2015,321.5329313,11.47432626,345.0104747,3.162541669,26683,94
10/31/2015,11/29/2015,459.786766,12.44982799,324.2814755,2.386599336,17901,94
11/30/2015,12/30/2015,83.99189783,9.746889909,576.3251621,4.040925858,15773,94
12/31/2015,1/30/2016,102.2329446,8.188884129,687.0211182,2.27887025,16733,94
1/31/2016,2/28/2016,63.01330025,7.328042555,405.7131744,2.849438281,19332,94
2/29/2016,3/30/2016,12.46241649,6.923316274,834.3408057,2.754796137,22855,94
3/31/2016,4/29/2016,145.3832155,6.601599837,581.6685644,2.794614048,20709,94
4/30/2016,5/30/2016,498.5365456,11.50427228,212.6330096,3.039074617,18388,94
5/31/2016,6/29/2016,183.6153941,10.38380583,314.1062648,2.375167916,18208,94
6/30/2016,7/30/2016,255.6694689,8.97012247,470.1770394,3.261902063,16982,94
7/31/2016,8/30/2016,200.2562045,7.573771909,105.8298243,2.423202543,19809,94
8/31/2016,9/29/2016,224.2826455,10.08347483,234.3380668,3.006156732,17236,94
9/30/2016,10/30/2016,296.5172378,11.22022736,97.4639226,0.810868517,17023,94
10/31/2016,11/29/2016,336.5769797,11.9049282,340.6546205,1.573709564,18093,94
11/30/2016,12/30/2016,218.067501,10.5830018,243.9612332,2.376969287,16941,94
12/31/2016,1/30/2017,223.2324157,7.761643636,323.3305473,2.407523637,15526,94
1/31/2017,2/27/2017,78.08212229,6.130744452,510.8707585,3.014425194,19931,94
2/28/2017,3/30/2017,267.6912653,7.944293975,604.3652637,3.009620116,27251,94
3/31/2017,4/29/2017,390.2344078,11.84828693,432.7274268,2.954103502,27260,94
4/30/2017,5/30/2017,326.4504632,11.38213556,278.5647399,1.624834638,27908,94
5/31/2017,6/29/2017,176.9219978,8.307381318,541.7635712,3.289003375,24242,94
6/30/2017,7/30/2017,202.6734635,8.901875669,312.9114735,3.302176602,30397,94
7/31/2017,8/30/2017,310.0455803,8.549404069,310.5242026,3.224432984,30650,94
8/31/2017,9/29/2017,421.6197987,10.02331947,230.1277846,2.386721638,27147,94
9/30/2017,10/30/2017,196.5283016,10.41811414,347.3258606,1.47073211,28278,94
10/31/2017,11/29/2017,603.4081169,10.37770481,168.72103,1.582417139,26046,94
11/30/2017,12/30/2017,127.3637771,9.773870165,489.2427687,4.055484814,24710,94
12/31/2017,1/30/2018,237.3449735,8.615585337,295.2128502,2.375621023,21528,94
1/31/2018,2/27/2018,64.46201458,7.08988023,625.203199,2.914225104,17859,94
2/28/2018,3/30/2018,134.2386399,7.802768308,629.7594589,2.934718251,21037,94
3/31/2018,4/29/2018,192.7168899,8.613377736,343.6125754,2.923595258,18653,94
4/30/2018,5/30/2018,507.6385402,12.40250183,290.728096,2.319021091,19114,94
5/31/2018,6/29/2018,112.0774015,9.780607309,28.28629269,2.368190593,18806,94
6/30/2018,7/30/2018,147.4935617,9.579289276,113.8593929,3.221901224,21458,94
7/31/2018,8/30/2018,137.876394,8.391794274,145.0315865,3.116268292,22922,94
8/31/2018,9/29/2018,363.5511702,9.400681413,56.3820421,1.559964561,26370,94
9/30/2018,10/30/2018,422.8005916,13.27274923,109.0535418,3.155764973,26373,94
10/31/2018,11/29/2018,269.0379225,12.61591236,277.5159768,2.32496249,25786,94
11/30/2018,12/30/2018,199.734231,11.65579654,292.9918468,2.402896235,25864,94
12/31/2018,1/30/2019,93.96678365,8.684067906,541.1917491,2.312820226,27121,94
1/31/2019,2/27/2019,63.31419323,6.83404984,684.8816574,2.892640151,21268,94
2/28/2019,3/30/2019,125.4021541,9.397474754,790.6082508,2.851915427,24062,94
3/31/2019,4/29/2019,271.101447,9.384930563,519.7767943,2.970505584,23187,94
4/30/2019,5/30/2019,259.6945704,10.63868998,327.7090246,1.577777981,22309,94
5/31/2019,6/29/2019,186.6566815,11.42350305,283.0310729,2.414703303,19174,94
6/30/2019,7/30/2019,192.4097,9.553386746,488.2956175,3.212509034,21070,94
7/31/2019,8/30/2019,182.0003056,9.03351973,280.6756866,3.247594783,19725,94
8/31/2019,9/29/2019,171.2200452,10.16946259,254.716303,2.385912456,17716,94
9/30/2019,10/30/2019,461.6475467,12.67221514,383.3221427,2.340587919,16093,94
10/31/2019,11/29/2019,262.6891128,12.90242929,428.2916923,2.353463963,14351,94
11/30/2019,12/30/2019,61.9505695,10.60656916,577.4536573,3.914181042,12997,94
12/31/2019,1/30/2020,20.02989966,8.454780338,586.065089,2.285758632,15890,94
1/31/2020,2/28/2020,100.5185842,8.412767678,642.755012,2.927847304,21406,94
2/29/2020,3/30/2020,132.1768306,7.975422686,603.8423771,2.823615869,21862,94
3/31/2020,4/29/2020,502.7359321,10.09960527,419.5529536,3.000910013,23658,94
4/30/2020,5/30/2020,459.1995308,11.67191091,359.4500015,2.459641933,20792,94
5/31/2020,6/29/2020,191.7797787,11.00795035,183.3309976,1.663159411,25167,94
6/30/2020,7/30/2020,403.0273499,9.533409118,369.3136343,3.305995812,21273,94
7/31/2020,8/30/2020,191.6701177,8.784620828,358.5037446,3.256570418,17199,94
8/31/2020,9/29/2020,377.4222653,10.00878054,244.6553158,2.39510563,16695,94
9/30/2020,10/30/2020,242.3137129,12.1949226,213.113077,2.430124952,13235,94
10/31/2020,11/29/2020,326.4926586,12.80047962,177.4534678,1.615466405,10215,94
11/30/2020,12/30/2020,200.397401,11.10762865,253.8192183,3.207177611,10714,94
12/31/2014,1/30/2015,47.05144029,10.82770686,376.2599662,2.277327385,11181,95
1/31/2015,2/27/2015,18.84025352,6.5047849,477.1380861,2.201621986,11847,95
2/28/2015,3/30/2015,35.98645511,7.183658868,579.9019588,2.95668542,18858,95
3/31/2015,4/29/2015,104.9800452,5.931307837,406.0745154,2.263577518,26044,95
4/30/2015,5/30/2015,328.0421828,5.890430278,442.5998619,2.349246797,28614,95
5/31/2015,6/29/2015,192.0667212,6.972353122,422.9212589,3.164040639,25287,95
6/30/2015,7/30/2015,171.6689067,6.410028303,373.5397172,2.386461659,26879,95
7/31/2015,8/30/2015,296.1960047,7.568801846,452.2353427,3.210172294,30795,95
8/31/2015,9/29/2015,235.7139705,7.272345675,286.2991457,3.07523458,26413,95
9/30/2015,10/30/2015,217.0248878,8.371384195,335.2419369,3.152829116,29595,95
10/31/2015,11/29/2015,347.0026848,8.663647369,301.4689708,2.190054878,25744,95
11/30/2015,12/30/2015,96.30400032,8.932490547,424.7187332,3.794980309,20155,95
12/31/2015,1/30/2016,68.66961414,7.146002849,501.1143183,2.375615961,12980,95
1/31/2016,2/28/2016,68.37298681,8.025329035,200.1691656,3.155974378,12716,95
2/29/2016,3/30/2016,5.511068775,7.587837919,736.8252252,3.038545932,19032,95
3/31/2016,4/29/2016,75.27084149,3.651316234,530.2040228,3.056929482,24314,95
4/30/2016,5/30/2016,258.1275613,2.943516421,287.1597247,2.326228237,25803,95
5/31/2016,6/29/2016,248.6350597,6.068380042,370.5381931,2.362795608,25046,95
6/30/2016,7/30/2016,230.9683904,4.055665738,433.8274743,3.206631393,24807,95
7/31/2016,8/30/2016,235.3761734,4.110692623,109.4876102,2.380744191,28695,95
8/31/2016,9/29/2016,240.5023942,4.647678264,380.5788988,3.200280906,27964,95
9/30/2016,10/30/2016,332.910816,5.469279236,257.7798748,2.360837968,28872,95
10/31/2016,11/29/2016,272.4301174,7.601790992,183.9883839,0.790226771,25614,95
11/30/2016,12/30/2016,378.1410872,6.029540023,197.9279119,2.307695054,22243,95
12/31/2016,1/30/2017,385.8463826,5.834612785,169.9658477,0.796514414,15260,95
1/31/2017,2/27/2017,38.76894571,5.091247826,278.1828923,0.804092648,13736,95
2/28/2017,3/30/2017,160.4352868,4.121894409,465.39942,3.15593182,17741,95
3/31/2017,4/29/2017,214.8947922,4.369321276,435.6895172,3.194442712,22641,95
4/30/2017,5/30/2017,318.6959531,5.084832762,285.4682558,1.609940453,24888,95
5/31/2017,6/29/2017,253.6356269,6.064757455,496.2297297,3.27889716,20956,95
6/30/2017,7/30/2017,241.8432122,7.177545017,424.5934313,3.24111657,28353,95
7/31/2017,8/30/2017,316.614289,7.293615363,331.0350254,3.24534369,32991,95
8/31/2017,9/29/2017,289.72696,6.830930569,370.7373463,3.212941847,34049,95
9/30/2017,10/30/2017,252.1148301,6.700444618,302.1906816,2.420477426,41133,95
10/31/2017,11/29/2017,581.6832714,6.509625692,181.3318208,1.562424642,35472,95
11/30/2017,12/30/2017,182.9144808,8.884657351,220.1119505,2.45743051,31759,95
12/31/2017,1/30/2018,172.9001571,8.071012292,124.0198757,0,24968,95
1/31/2018,2/27/2018,30.54052716,7.088854344,452.922364,3.099922168,21879,95
2/28/2018,3/30/2018,48.36798331,7.13379963,493.139407,3.040411205,24801,95
3/31/2018,4/29/2018,105.741709,4.691603282,293.0676257,3.159293244,23697,95
4/30/2018,5/30/2018,174.5637069,5.804806219,250.9040505,2.396411068,20016,95
5/31/2018,6/29/2018,176.439968,7.041696639,85.14969566,3.216685964,16736,95
6/30/2018,7/30/2018,188.1463877,6.682450691,137.9441677,3.217708637,18911,95
7/31/2018,8/30/2018,117.6605382,6.482440523,193.7717936,3.195295332,21830,95
8/31/2018,9/29/2018,268.5674347,7.996091249,171.006409,3.184303592,28936,95
9/30/2018,10/30/2018,256.843326,8.470449784,136.5388142,3.239026181,32459,95
10/31/2018,11/29/2018,302.1770301,9.17403562,157.7300877,1.599246708,31137,95
11/30/2018,12/30/2018,352.2045711,9.215251004,221.7471845,3.199227142,29514,95
12/31/2018,1/30/2019,79.82105508,8.927058641,353.8092258,2.374556634,27457,95
1/31/2019,2/27/2019,20.45959513,7.800085761,472.8676602,3.136155046,24262,95
2/28/2019,3/30/2019,118.8290654,8.230492422,706.0585187,3.081739864,29766,95
3/31/2019,4/29/2019,127.3115865,5.742923665,479.3297463,2.33511328,30982,95
4/30/2019,5/30/2019,217.1459308,6.258324732,421.8056261,2.399149047,31385,95
5/31/2019,6/29/2019,280.5821554,7.22817689,330.4262542,2.445686819,26456,95
6/30/2019,7/30/2019,145.2116596,7.673040835,561.0581619,3.255899769,31646,95
7/31/2019,8/30/2019,198.1644173,7.445475178,349.7837598,3.192575953,29172,95
8/31/2019,9/29/2019,207.1467618,8.136794634,302.3780472,2.458933381,29772,95
9/30/2019,10/30/2019,263.5194214,8.272894911,375.5140652,2.434852568,28464,95
10/31/2019,11/29/2019,531.6227326,10.09153676,336.2846525,1.602525158,23279,95
11/30/2019,12/30/2019,114.2812749,10.70095342,353.706864,3.957029179,19797,95
12/31/2019,1/30/2020,23.02367394,9.626041002,404.4207264,2.403931202,13877,95
1/31/2020,2/28/2020,77.08103317,8.635762965,359.7777719,3.155771977,15080,95
2/29/2020,3/30/2020,86.80150589,7.59272108,564.540567,3.113841475,21336,95
3/31/2020,4/29/2020,190.4041298,6.05872194,363.6109944,3.174809966,31950,95
4/30/2020,5/30/2020,309.4073075,6.031309508,446.3443148,3.262805997,29352,95
5/31/2020,6/29/2020,280.6144039,8.042329169,158.3167179,1.602163437,35483,95
6/30/2020,7/30/2020,351.2435155,9.270205985,399.1663674,3.252498462,32151,95
7/31/2020,8/30/2020,270.2871293,8.695645272,435.7398987,3.249813285,34865,95
8/31/2020,9/29/2020,260.462541,7.725420529,300.2308103,3.218852164,36368,95
9/30/2020,10/30/2020,328.5581851,8.931998715,186.0116545,2.412096952,34090,95
10/31/2020,11/29/2020,341.184486,9.108045953,204.9643142,2.414940958,28786,95
11/30/2020,12/30/2020,242.1535668,10.51381865,193.0465671,1.58291649,24683,95
12/31/2014,1/30/2015,60.15594819,8.969305909,478.8477621,2.290076012,37505,97
1/31/2015,2/27/2015,31.72568947,6.609098882,450.2084852,2.950498727,46682,97
2/28/2015,3/30/2015,136.6360333,6.093105875,489.7380976,2.979292873,59585,97
3/31/2015,4/29/2015,254.3963637,6.904848946,298.1915629,3.161581697,62262,97
4/30/2015,5/30/2015,207.4304948,6.716762497,315.8686482,0.795642156,62583,97
5/31/2015,6/29/2015,104.9571551,6.052226922,317.9822266,3.245442762,64351,97
6/30/2015,7/30/2015,76.68424201,5.381491176,346.0144267,2.386332217,66546,97
7/31/2015,8/30/2015,147.1481397,5.691811843,418.3160858,3.171637209,71019,97
8/31/2015,9/29/2015,182.3808004,5.333274894,155.8258431,0.769738636,65643,97
9/30/2015,10/30/2015,195.438089,6.5323491,278.2929431,2.216062228,63665,97
10/31/2015,11/29/2015,351.116122,7.690065228,249.2413889,1.554548231,45974,97
11/30/2015,12/30/2015,147.6303577,7.637393935,325.9749679,3.924949192,34470,97
12/31/2015,1/30/2016,61.54140418,6.168974772,466.1895314,2.375131043,30485,97
1/31/2016,2/28/2016,119.1059487,6.48844912,259.629307,2.382422827,38430,97
2/29/2016,3/30/2016,50.25946673,5.657291487,581.6847136,3.05134573,45726,97
3/31/2016,4/29/2016,141.5158975,6.443057286,275.932234,2.369172249,45914,97
4/30/2016,5/30/2016,251.2479269,7.102966066,240.9090542,3.225229712,42258,97
5/31/2016,6/29/2016,116.1431525,6.601571893,360.3618378,2.437391096,46288,97
6/30/2016,7/30/2016,148.6858527,7.51675647,342.3350045,2.406866584,45444,97
7/31/2016,8/30/2016,91.38487148,5.864740451,206.6269094,3.227793819,48242,97
8/31/2016,9/29/2016,122.3633822,7.023095126,165.6289038,3.256754385,51162,97
9/30/2016,10/30/2016,133.4671661,6.345624337,78.94669518,0.782218794,48990,97
10/31/2016,11/29/2016,251.3003462,8.457807286,26.35291267,0,51861,97
11/30/2016,12/30/2016,168.0802486,9.341197738,181.4740271,3.157033744,47761,97
12/31/2016,1/30/2017,290.5229788,9.257357011,174.769933,0.814484082,37901,97
1/31/2017,2/27/2017,136.2643204,7.939577949,301.5956945,2.392197065,44043,97
2/28/2017,3/30/2017,292.0295652,9.59744652,354.5225968,3.167402293,53703,97
3/31/2017,4/29/2017,251.3664003,7.624899984,319.5560506,2.426956344,56228,97
4/30/2017,5/30/2017,173.9300327,8.039494128,231.7347582,2.466270615,55599,97
5/31/2017,6/29/2017,177.2644113,7.579720734,371.0045408,3.272445682,49314,97
6/30/2017,7/30/2017,66.17264701,8.043085448,428.8446307,3.216564979,56601,97
7/31/2017,8/30/2017,189.1225505,8.069026982,197.1806404,3.257215099,54054,97
8/31/2017,9/29/2017,187.4423876,7.580521377,169.1275447,3.273922019,60359,97
9/30/2017,10/30/2017,179.1105583,6.545902224,320.3329068,1.613232632,70903,97
10/31/2017,11/29/2017,278.7722233,7.732989031,113.7057663,2.464013691,71278,97
11/30/2017,12/30/2017,144.5757327,7.543084366,272.210242,4.06665811,72962,97
12/31/2017,1/30/2018,322.5050387,8.443077128,108.0286471,0.803287428,57744,97
1/31/2018,2/27/2018,38.46617968,6.510027183,481.5645781,3.119082964,51371,97
2/28/2018,3/30/2018,147.354809,6.251063561,428.6857544,3.109119521,67370,97
3/31/2018,4/29/2018,179.3640936,6.587403115,208.4307217,3.160320061,59969,97
4/30/2018,5/30/2018,246.4865144,6.47564338,58.24002212,0.819290918,57112,97
5/31/2018,6/29/2018,135.6766783,6.233558864,28.46173261,3.319184427,45041,97
6/30/2018,7/30/2018,100.3527503,5.938165159,54.20924532,2.44609661,47956,97
7/31/2018,8/30/2018,53.83899967,5.556191876,184.3651663,3.198070002,47602,97
8/31/2018,9/29/2018,150.1183484,6.621886557,121.4000145,2.421628116,56503,97
9/30/2018,10/30/2018,287.2632679,8.064390378,57.35785434,2.450162592,63764,97
10/31/2018,11/29/2018,270.4041522,7.582059849,141.4373315,1.647920243,62102,97
11/30/2018,12/30/2018,177.8436649,8.530386482,252.3953309,2.470227002,62917,97
12/31/2018,1/30/2019,42.12776665,6.788859953,410.5412123,2.36959874,62694,97
1/31/2019,2/27/2019,82.03879894,6.150401521,581.3747279,3.122053856,56482,97
2/28/2019,3/30/2019,173.0214786,7.002614372,507.58569,3.09490054,66494,97
3/31/2019,4/29/2019,222.0221968,5.438074505,297.575998,3.203429102,67706,97
4/30/2019,5/30/2019,192.3930185,5.798651904,406.0179221,2.422268783,69365,97
5/31/2019,6/29/2019,128.2500992,6.095615758,296.8613259,2.469189438,56200,97
6/30/2019,7/30/2019,47.92343086,6.039919782,362.6762827,3.242912901,63701,97
7/31/2019,8/30/2019,77.96729069,6.365693648,145.3773071,2.443957958,62007,97
8/31/2019,9/29/2019,137.1107221,5.697169156,298.6961055,2.428507281,62560,97
9/30/2019,10/30/2019,314.49519,9.98350576,228.503311,3.214126217,54534,97
10/31/2019,11/29/2019,184.757697,9.4986031,248.2636972,2.452262686,44932,97
11/30/2019,12/30/2019,145.457392,11.29137586,378.6776894,4.042854747,31765,97
12/31/2019,1/30/2020,82.47506068,9.416544189,412.9168201,2.368468755,30113,97
1/31/2020,2/28/2020,101.356274,9.416866231,394.3188203,3.115914534,44731,97
2/29/2020,3/30/2020,170.7621647,8.587021751,411.4095195,3.120675598,48943,97
3/31/2020,4/29/2020,314.6553586,8.329681388,318.6290243,3.237890239,60923,97
4/30/2020,5/30/2020,271.8935622,9.998373057,199.4353404,2.490816787,57337,97
5/31/2020,6/29/2020,130.9737493,9.170035164,228.963672,1.651359969,67014,97
6/30/2020,7/30/2020,203.0201593,9.259577598,244.9593984,2.498600069,59857,97
7/31/2020,8/30/2020,85.9918717,10.19476147,332.5841807,3.272817504,66412,97
8/31/2020,9/29/2020,169.2004099,8.98546769,143.4507189,2.470091472,66840,97
9/30/2020,10/30/2020,116.1758749,9.112692137,199.9731446,1.608040898,60345,97
10/31/2020,11/29/2020,278.4010112,11.48394991,108.7809574,1.600615062,48748,97
11/30/2020,12/30/2020,171.5795556,11.61362284,181.3466625,2.444237433,40047,97
12/31/2014,1/30/2015,86.55409592,8.02861678,459.7974252,2.352134023,141442,98
1/31/2015,2/27/2015,37.9845212,6.143267911,440.4393464,3.134159062,158471,98
2/28/2015,3/30/2015,55.79611331,5.556583641,485.2660439,3.094958252,218187,98
3/31/2015,4/29/2015,152.8648888,5.237156111,425.1617854,3.18850846,247363,98
4/30/2015,5/30/2015,285.1865358,4.331557723,471.9690467,2.461380413,261187,98
5/31/2015,6/29/2015,142.7759004,5.263868139,389.6026348,3.286396499,254275,98
6/30/2015,7/30/2015,138.0770466,4.559278693,386.1945195,2.4192732,279108,98
7/31/2015,8/30/2015,210.6846863,4.739000769,461.1354412,3.215814988,323407,98
8/31/2015,9/29/2015,170.4660141,4.917420721,236.3397674,2.186456555,305767,98
9/30/2015,10/30/2015,196.9828729,5.646542447,343.688417,3.171861876,306181,98
10/31/2015,11/29/2015,328.4250654,6.398654257,240.4387452,1.501576414,257504,98
11/30/2015,12/30/2015,166.1379255,7.410070051,475.9875553,3.844311856,197408,98
12/31/2015,1/30/2016,48.67425057,5.838692079,523.5649833,2.41313571,143788,98
1/31/2016,2/28/2016,97.98175804,5.864366364,248.027214,2.446544888,145348,98
2/29/2016,3/30/2016,26.61044607,6.670207172,698.7200321,3.157981759,175322,98
3/31/2016,4/29/2016,116.1455324,3.759773092,437.3021369,2.390906005,182277,98
4/30/2016,5/30/2016,227.3694294,3.972610365,237.5608386,3.230062229,189899,98
5/31/2016,6/29/2016,136.9310701,4.113968572,450.4853285,2.435866982,211186,98
6/30/2016,7/30/2016,184.7869743,4.900642775,438.0327557,2.436912651,216424,98
7/31/2016,8/30/2016,144.7075833,3.819807266,189.41773,2.424103137,233559,98
8/31/2016,9/29/2016,247.9538404,4.810653266,392.0146473,3.269385515,242107,98
9/30/2016,10/30/2016,261.8964797,4.805958491,211.2228495,1.595472154,244163,98
10/31/2016,11/29/2016,296.5304847,6.350074384,100.1247797,0.761505123,232024,98
11/30/2016,12/30/2016,236.1572748,6.114108703,259.5052495,3.123181838,206584,98
12/31/2016,1/30/2017,332.4013196,7.026582713,193.7934756,0.822014507,158749,98
1/31/2017,2/27/2017,110.5992363,5.352904697,307.7516185,2.421743279,155267,98
2/28/2017,3/30/2017,210.0491557,5.690820994,456.2906425,3.222614969,192591,98
3/31/2017,4/29/2017,284.5614163,4.687013118,423.4395417,3.284909627,220542,98
4/30/2017,5/30/2017,349.5670267,6.070934895,362.9741183,2.475059673,240464,98
5/31/2017,6/29/2017,181.7775503,5.597360462,609.3391685,3.328653125,208479,98
6/30/2017,7/30/2017,145.1528267,6.13517725,546.5672302,3.30080448,266409,98
7/31/2017,8/30/2017,240.6819393,6.441463412,304.3639849,3.26894891,260260,98
8/31/2017,9/29/2017,273.4211354,6.023415193,224.6179381,3.289833291,262629,98
9/30/2017,10/30/2017,272.0214324,5.772286528,393.1042806,2.450690201,304608,98
10/31/2017,11/29/2017,288.5357537,6.192092273,157.7498345,1.622410288,294399,98
11/30/2017,12/30/2017,269.3394039,7.405668657,308.4050297,3.327840534,285225,98
12/31/2017,1/30/2018,337.6467757,8.741318136,199.422906,1.63097979,224064,98
1/31/2018,2/27/2018,31.989661,6.837022652,372.1524237,3.228714221,207872,98
2/28/2018,3/30/2018,88.42163633,5.433228391,430.8053044,3.17970615,245923,98
3/31/2018,4/29/2018,132.1565864,4.768210642,168.197371,3.229934271,241353,98
4/30/2018,5/30/2018,224.8375837,4.896654353,168.2065587,1.637644266,214851,98
5/31/2018,6/29/2018,170.5690861,5.079020507,112.1512507,3.315428313,175687,98
6/30/2018,7/30/2018,132.0323022,4.699023717,84.04534596,3.277108494,188916,98
7/31/2018,8/30/2018,80.07494149,4.923266297,232.5759841,3.266510308,208935,98
8/31/2018,9/29/2018,178.0170765,5.599152353,85.41762963,3.251292851,247361,98
9/30/2018,10/30/2018,310.6918972,6.746740778,114.8225996,2.447563295,262858,98
10/31/2018,11/29/2018,261.3032006,7.059658355,217.6654407,1.649349354,262804,98
11/30/2018,12/30/2018,212.1254301,7.929080119,289.6200892,2.463819526,273758,98
12/31/2018,1/30/2019,48.0489173,6.169483509,358.4179407,2.451377898,267255,98
1/31/2019,2/27/2019,41.94932886,5.274456921,538.4971956,3.218143268,235479,98
2/28/2019,3/30/2019,135.5992869,6.14540641,619.7901189,3.19552616,262289,98
3/31/2019,4/29/2019,173.1957188,3.976980742,423.5036655,3.240122846,268754,98
4/30/2019,5/30/2019,192.9869789,4.968639761,428.3108784,2.442143453,273752,98
5/31/2019,6/29/2019,178.10454,5.607975031,360.6064937,2.471632521,243155,98
6/30/2019,7/30/2019,110.590057,5.567801618,564.7600002,3.29734174,283474,98
7/31/2019,8/30/2019,158.2732149,5.977278779,438.2629482,3.257868114,276524,98
8/31/2019,9/29/2019,195.045462,5.688452762,364.1207617,2.457065181,268500,98
9/30/2019,10/30/2019,318.0334609,6.787524836,378.7541205,2.451655425,264287,98
10/31/2019,11/29/2019,324.2207237,7.747239776,217.0125364,2.45852086,210920,98
11/30/2019,12/30/2019,160.4985247,8.776476553,352.8356288,4.117259423,165384,98
12/31/2019,1/30/2020,51.95381608,7.842946218,409.8778847,2.43707703,131828,98
1/31/2020,2/28/2020,122.6195501,6.885825978,392.5273915,3.227979784,160634,98
2/29/2020,3/30/2020,117.3228332,5.439621378,505.1360602,3.225066174,203532,98
3/31/2020,4/29/2020,217.4580094,5.031218342,431.1880356,3.289855431,264568,98
4/30/2020,5/30/2020,268.7946089,5.489273014,300.993126,3.317476217,249103,98
5/31/2020,6/29/2020,205.913464,5.930456624,242.3459116,1.665352717,317276,98
6/30/2020,7/30/2020,203.9994316,6.149080757,369.1722238,3.330860213,304146,98
7/31/2020,8/30/2020,127.9071641,6.189080909,483.860398,3.282201999,317932,98
8/31/2020,9/29/2020,206.5703723,6.459399693,189.4370853,3.307846873,321480,98
9/30/2020,10/30/2020,199.9780767,6.809759949,190.8645047,2.476831527,287602,98
10/31/2020,11/29/2020,286.9990429,7.299099367,129.9447713,1.648781714,235984,98
11/30/2020,12/30/2020,268.833571,8.176315936,125.8788582,1.648565177,204515,98
12/31/2014,1/30/2015,90.53457777,9.286011332,537.2664817,2.366418245,116186,99
1/31/2015,2/27/2015,78.64193033,7.271090279,597.9042596,3.089336768,119968,99
2/28/2015,3/30/2015,172.8546466,8.138368295,638.9510258,3.102724587,179758,99
3/31/2015,4/29/2015,284.1864945,8.266429872,464.1533154,3.196718671,178342,99
4/30/2015,5/30/2015,298.4266982,8.248644404,373.9222283,2.435205793,178521,99
5/31/2015,6/29/2015,178.8318549,7.90851711,350.6385207,2.428221595,188938,99
6/30/2015,7/30/2015,160.5530263,7.408465346,370.9623379,3.29056528,202149,99
7/31/2015,8/30/2015,204.6473211,8.485962223,472.6681254,3.255963373,217863,99
8/31/2015,9/29/2015,214.5113589,8.755373437,330.0408261,3.079865727,185200,99
9/30/2015,10/30/2015,335.7601146,9.872108566,366.4445817,2.971880724,171914,99
10/31/2015,11/29/2015,419.1565478,9.929512848,361.1265378,2.381738064,124848,99
11/30/2015,12/30/2015,161.75279,8.821412851,537.6754192,4.035255198,125598,99
12/31/2015,1/30/2016,97.84106934,8.159498767,646.7083545,2.431091593,123327,99
1/31/2016,2/28/2016,89.20392547,8.321182393,360.5274166,3.176096185,124800,99
2/29/2016,3/30/2016,56.00054675,8.516055847,732.966385,3.133130696,135376,99
3/31/2016,4/29/2016,175.4678699,5.872176737,511.0310296,3.18610619,134805,99
4/30/2016,5/30/2016,396.9040161,6.734545788,321.1337193,2.445022198,126876,99
5/31/2016,6/29/2016,178.8439941,6.490897903,452.5228627,2.408993497,141734,99
6/30/2016,7/30/2016,197.2993276,5.858125501,434.7507116,3.273094831,139503,99
7/31/2016,8/30/2016,149.4235828,4.813557363,196.0814547,2.425618559,153348,99
8/31/2016,9/29/2016,159.5819393,6.121484964,321.8565415,3.247290291,147820,99
9/30/2016,10/30/2016,191.6571585,6.547378626,202.0691589,2.432830475,129867,99
10/31/2016,11/29/2016,298.7495266,8.129658786,331.0242144,2.367187779,132994,99
11/30/2016,12/30/2016,204.2662268,6.876702153,328.9550593,3.249019981,138888,99
12/31/2016,1/30/2017,272.9071659,6.406010561,290.3483815,2.408994868,118818,99
1/31/2017,2/27/2017,135.6031823,6.712306296,436.5088307,3.233454639,138743,99
2/28/2017,3/30/2017,270.3593752,7.9868955,558.0828299,3.220202155,186465,99
3/31/2017,4/29/2017,363.5270064,7.737404146,557.041699,3.249261708,182954,99
4/30/2017,5/30/2017,232.3999083,7.779298734,464.4109544,2.451920134,186958,99
5/31/2017,6/29/2017,169.2719052,6.53682315,596.9900866,3.309786957,165175,99
6/30/2017,7/30/2017,153.4551383,8.270530111,430.0221797,3.244692243,202661,99
7/31/2017,8/30/2017,249.3909635,9.277995438,411.209241,3.26622727,188484,99
8/31/2017,9/29/2017,262.3512066,8.445191029,354.0605186,3.255314828,171268,99
9/30/2017,10/30/2017,208.5480728,8.202535464,399.6656168,2.400039222,175958,99
10/31/2017,11/29/2017,418.3073541,8.852986902,211.3746124,1.635311626,165895,99
11/30/2017,12/30/2017,135.7574506,9.100706655,397.3499101,4.089505791,146530,99
12/31/2017,1/30/2018,260.5639247,9.081399356,334.3023701,2.438477383,135287,99
1/31/2018,2/27/2018,88.51097649,7.915047704,583.6193739,3.176526081,110929,99
2/28/2018,3/30/2018,191.0176991,9.466144994,659.7810245,3.175155192,147548,99
3/31/2018,4/29/2018,206.9422944,7.616663562,404.6864935,3.25107803,142043,99
4/30/2018,5/30/2018,329.6406123,9.633590539,249.1939761,2.461295277,149856,99
5/31/2018,6/29/2018,139.6241832,7.688703728,135.4242558,3.273151813,137137,99
6/30/2018,7/30/2018,109.4605804,8.311092736,129.5202729,3.268163561,173126,99
7/31/2018,8/30/2018,106.3442978,8.428074277,222.2721752,3.19490757,171052,99
8/31/2018,9/29/2018,253.2375462,8.705688791,85.86565073,2.38199858,183454,99
9/30/2018,10/30/2018,370.6386566,9.843183577,187.5699318,3.262654433,186442,99
10/31/2018,11/29/2018,249.9922707,9.161534615,239.931714,2.445985238,164715,99
11/30/2018,12/30/2018,265.0297218,10.37685287,314.0110417,2.434631983,159478,99
12/31/2018,1/30/2019,107.7599383,9.351762081,540.2209104,2.409927383,170350,99
1/31/2019,2/27/2019,97.26224346,7.946833026,601.6257008,3.192373904,151140,99
2/28/2019,3/30/2019,154.6485058,8.678982208,713.2011992,3.174904185,168399,99
3/31/2019,4/29/2019,223.9212926,8.287188382,493.4933694,3.198169987,161665,99
4/30/2019,5/30/2019,235.2379309,8.725030523,486.4053749,2.454782218,157508,99
5/31/2019,6/29/2019,156.5898127,8.28212247,401.3726621,3.26843081,137858,99
6/30/2019,7/30/2019,125.5211993,8.273481525,553.9943154,3.270129453,169958,99
7/31/2019,8/30/2019,130.503406,7.957455811,381.2732423,3.281792564,178952,99
8/31/2019,9/29/2019,197.527207,7.44939493,359.961421,2.469997082,162869,99
9/30/2019,10/30/2019,462.7739234,10.76602011,587.0098819,3.24354482,141154,99
10/31/2019,11/29/2019,305.2392559,10.33560499,522.3934962,2.457919631,130414,99
11/30/2019,12/30/2019,126.0767566,9.903257272,497.2731478,4.082358873,123783,99
12/31/2019,1/30/2020,58.54775929,8.652939408,508.98338,2.418360823,122037,99
1/31/2020,2/28/2020,123.7367818,8.535634075,584.523436,3.211266489,154902,99
2/29/2020,3/30/2020,205.5918807,8.991786205,616.4625403,3.195239287,160079,99
3/31/2020,4/29/2020,457.7144153,9.708669365,491.2785135,3.282600682,168606,99
4/30/2020,5/30/2020,386.5750801,8.891422951,423.4107847,3.315584725,147013,99
5/31/2020,6/29/2020,206.2991419,9.089001781,354.0194425,1.675841608,185541,99
6/30/2020,7/30/2020,311.3904927,9.875300394,414.1883705,2.490774799,183979,99
7/31/2020,8/30/2020,203.4401389,8.87860319,441.5335893,3.282383026,178543,99
8/31/2020,9/29/2020,327.7171081,9.924934408,267.6327609,3.236415743,160900,99
9/30/2020,10/30/2020,207.7012427,9.215588448,289.8331133,3.315461098,135912,99
10/31/2020,11/29/2020,306.1015698,9.881807918,281.9006281,2.428060882,118659,99
11/30/2020,12/30/2020,194.6784075,9.913715985,270.0364437,3.22939849,124475,99
12/31/2014,1/30/2015,202.3841793,8.666646854,316.7826226,1.618568948,401299,102
1/31/2015,2/27/2015,35.16047331,8.336103163,439.988335,3.275000686,325830,102
2/28/2015,3/30/2015,65.40267904,6.180751242,618.5056374,3.186152973,405830,102
3/31/2015,4/29/2015,157.9007589,6.596451482,587.8935656,3.213327572,475838,102
4/30/2015,5/30/2015,226.3735831,6.466540957,678.2135298,2.44888467,530644,102
5/31/2015,6/29/2015,189.4042639,6.142138556,404.3304905,3.314898427,489764,102
6/30/2015,7/30/2015,142.1166025,5.354822796,552.5894941,3.286127951,476371,102
7/31/2015,8/30/2015,184.8689773,5.901499984,359.4716778,3.226513,540882,102
8/31/2015,9/29/2015,190.0232135,6.54799302,482.5948556,3.178348019,533540,102
9/30/2015,10/30/2015,189.0258543,6.898550393,500.9299774,3.093475242,593579,102
10/31/2015,11/29/2015,223.7505002,8.923974067,495.1288599,2.314924117,517102,102
11/30/2015,12/30/2015,121.7889716,8.717499111,528.1426161,3.918490818,432288,102
12/31/2015,1/30/2016,51.10392578,8.690794059,665.2564144,2.431459759,338074,102
1/31/2016,2/28/2016,56.9701276,8.265790498,315.5601623,2.430684251,266258,102
2/29/2016,3/30/2016,52.72554876,6.398654839,685.3832384,3.218348188,314862,102
3/31/2016,4/29/2016,186.6443311,3.461725831,631.3488532,3.209119012,353501,102
4/30/2016,5/30/2016,277.1417305,3.377822443,504.5393758,3.284363508,400438,102
5/31/2016,6/29/2016,230.6292587,4.584027237,348.2556957,2.515632616,461788,102
6/30/2016,7/30/2016,221.8625216,3.036151295,464.6612562,3.342917397,475506,102
7/31/2016,8/30/2016,193.9629528,3.40371298,335.3471903,3.325370095,479398,102
8/31/2016,9/29/2016,279.2196128,3.509766383,255.4549955,3.281739269,477165,102
9/30/2016,10/30/2016,258.7067237,4.079379361,145.8076077,2.427603177,471408,102
10/31/2016,11/29/2016,192.031573,5.579060602,360.1129558,2.314733715,424695,102
11/30/2016,12/30/2016,285.6940585,4.51409393,313.392278,4.037079406,384160,102
12/31/2016,1/30/2017,233.5031718,4.862834281,189.8903823,1.651999976,347609,102
1/31/2017,2/27/2017,120.8894692,3.467033315,331.4690511,3.279528011,323244,102
2/28/2017,3/30/2017,244.8465254,4.334652614,430.4962909,3.303862756,386050,102
3/31/2017,4/29/2017,203.5601312,4.25585486,542.7527875,3.329778629,428152,102
4/30/2017,5/30/2017,323.2534172,4.806290331,460.9782702,2.528321039,461650,102
5/31/2017,6/29/2017,278.8749862,5.117906838,500.7211429,3.364397124,428835,102
6/30/2017,7/30/2017,196.6853134,6.755614925,500.9233746,3.372026508,462153,102
7/31/2017,8/30/2017,222.6031827,6.65988393,497.7056303,3.331778635,437786,102
8/31/2017,9/29/2017,293.3591477,6.712584241,407.5381702,3.341723516,428842,102
9/30/2017,10/30/2017,278.755748,7.440031583,399.0436083,3.336321487,506173,102
10/31/2017,11/29/2017,158.4219111,7.010434803,419.827061,2.485477839,514798,102
11/30/2017,12/30/2017,323.0113577,7.684007125,282.7371815,4.198937754,490053,102
12/31/2017,1/30/2018,191.850645,8.729978316,170.0336697,0.835409641,454173,102
1/31/2018,2/27/2018,167.9531338,7.539898211,487.6629618,3.320121409,398155,102
2/28/2018,3/30/2018,153.7652638,7.895056009,486.0119062,3.254651453,427378,102
3/31/2018,4/29/2018,228.3875925,6.687495618,405.2159473,3.299055381,419935,102
4/30/2018,5/30/2018,286.0480234,6.895817183,241.8921953,2.514806529,392059,102
5/31/2018,6/29/2018,164.3122458,7.192860316,276.6927229,3.376991845,338809,102
6/30/2018,7/30/2018,157.9192529,6.591941516,110.8689897,3.34019033,357514,102
7/31/2018,8/30/2018,211.7906708,7.267900242,171.5642382,3.343787467,373267,102
8/31/2018,9/29/2018,234.8858967,6.454692298,55.33182698,3.314742267,441899,102
9/30/2018,10/30/2018,200.7612523,6.843807922,217.5762853,3.335704769,508522,102
10/31/2018,11/29/2018,207.2408144,7.881819136,307.9185959,2.488086667,515601,102
11/30/2018,12/30/2018,202.6941272,8.662083432,486.2523735,4.191522129,512044,102
12/31/2018,1/30/2019,177.1715593,9.237679006,394.0354684,1.64716488,471010,102
1/31/2019,2/27/2019,14.65993179,7.436200274,586.9692039,3.300388105,427802,102
2/28/2019,3/30/2019,107.8432437,7.928099292,640.609379,3.260082287,453657,102
3/31/2019,4/29/2019,98.05965646,6.065008079,551.9750693,3.277918702,414332,102
4/30/2019,5/30/2019,245.1166476,6.396043579,629.804129,2.506622028,411822,102
5/31/2019,6/29/2019,219.1536183,6.71122672,458.1079895,3.341147613,366629,102
6/30/2019,7/30/2019,186.9497301,7.453989353,438.5888137,3.359044773,381961,102
7/31/2019,8/30/2019,166.3503489,7.037644481,391.9830324,3.335905162,399160,102
8/31/2019,9/29/2019,111.0893221,6.477405137,533.9754084,3.315534229,437392,102
9/30/2019,10/30/2019,214.7536575,6.182519331,578.4750512,3.323069186,475965,102
10/31/2019,11/29/2019,173.2430694,7.412339608,453.8444349,2.519451607,424848,102
11/30/2019,12/30/2019,291.227539,8.292809418,319.6829171,4.152757125,372590,102
12/31/2019,1/30/2020,170.1881121,8.765328798,409.7539885,2.507872575,316939,102
1/31/2020,2/28/2020,55.22076647,7.721323361,484.2704213,2.491604731,318537,102
2/29/2020,3/30/2020,107.4960279,7.344600995,576.9607354,3.257539887,324033,102
3/31/2020,4/29/2020,92.3068112,6.504714872,664.8927193,3.300833834,398793,102
4/30/2020,5/30/2020,249.1358737,6.929008319,541.0427932,3.364304026,451732,102
5/31/2020,6/29/2020,297.8540132,6.405465578,256.4010752,2.533452328,449614,102
6/30/2020,7/30/2020,232.3766614,4.913188831,433.6013454,3.37917686,387257,102
7/31/2020,8/30/2020,168.8534627,3.730249758,423.9368434,3.385772376,399900,102
8/31/2020,9/29/2020,221.3900475,5.403343023,425.1124541,3.332976979,447097,102
9/30/2020,10/30/2020,263.0785982,6.030374684,185.1865713,2.514705941,444647,102
10/31/2020,11/29/2020,208.5770253,7.362947075,297.2845843,2.503678148,382691,102
11/30/2020,12/30/2020,228.8064599,8.085891673,345.3090729,3.356039466,326135,102
12/31/2014,1/30/2015,439.6384688,10.5080867,259.7155382,1.584678122,208233,103
1/31/2015,2/27/2015,209.4424022,8.776112066,290.4552959,3.230908942,190166,103
2/28/2015,3/30/2015,312.6812253,8.424662123,494.2511824,3.2221611,246489,103
3/31/2015,4/29/2015,371.7830513,7.978804846,583.6066464,3.254953867,284518,103
4/30/2015,5/30/2015,319.3473917,8.232065529,513.1352071,2.471009824,307309,103
5/31/2015,6/29/2015,252.8470614,8.271386329,497.6483686,3.318706802,310308,103
6/30/2015,7/30/2015,241.7417121,7.652296228,617.9298609,3.298793168,326996,103
7/31/2015,8/30/2015,220.3783134,7.743070132,511.4636384,3.18603712,391273,103
8/31/2015,9/29/2015,180.4725183,7.688383037,406.8542843,3.040322715,397839,103
9/30/2015,10/30/2015,309.4372296,7.725026349,355.6460055,3.008724667,420859,103
10/31/2015,11/29/2015,529.5036535,8.944298752,404.2882245,2.378478878,323717,103
11/30/2015,12/30/2015,257.2717502,9.713577425,446.6987617,3.852607801,294440,103
12/31/2015,1/30/2016,263.8221692,8.99284151,573.662205,2.423484742,234074,103
1/31/2016,2/28/2016,293.8236075,8.27565326,144.2033406,1.626601584,202434,103
2/29/2016,3/30/2016,313.1370189,7.571100724,466.8610172,3.274128853,240588,103
3/31/2016,4/29/2016,306.1110592,4.586278393,487.9760291,3.302344271,257405,103
4/30/2016,5/30/2016,350.8125151,5.121007638,445.2753153,3.324452247,266808,103
5/31/2016,6/29/2016,276.5406442,5.863495503,393.7848187,2.489438536,311060,103
6/30/2016,7/30/2016,285.958832,4.184427907,512.6096017,3.290778613,344585,103
7/31/2016,8/30/2016,211.2354761,4.651472525,481.2918188,3.298858214,374257,103
8/31/2016,9/29/2016,231.87435,4.526916705,350.8802925,3.274634176,367147,103
9/30/2016,10/30/2016,250.0853082,5.593324188,271.3023889,2.419755801,350773,103
10/31/2016,11/29/2016,263.907652,6.438485237,218.5807252,2.331333089,320992,103
11/30/2016,12/30/2016,234.8449455,5.247872002,315.7129757,3.241531234,315163,103
12/31/2016,1/30/2017,384.3176524,5.546322066,193.0977868,1.640595517,295473,103
1/31/2017,2/27/2017,435.2168547,4.504951504,167.2429274,3.273957328,274849,103
2/28/2017,3/30/2017,332.9886347,5.396421541,299.2268755,2.457724172,303273,103
3/31/2017,4/29/2017,328.4473448,5.264172698,513.520235,3.307269347,299797,103
4/30/2017,5/30/2017,394.3489355,5.593956457,531.2649398,2.481315054,327777,103
5/31/2017,6/29/2017,260.2404005,5.805678475,543.8743286,3.346616783,325370,103
6/30/2017,7/30/2017,167.1720619,7.021443187,591.6065625,3.343709262,378159,103
7/31/2017,8/30/2017,343.7437565,7.705331121,497.6856716,3.308422275,392429,103
8/31/2017,9/29/2017,365.346032,7.338424938,431.3455139,3.274514168,380889,103
9/30/2017,10/30/2017,256.3380124,8.264123289,373.9851977,3.245790763,418007,103
10/31/2017,11/29/2017,385.0141051,7.727457754,344.9637617,2.466073212,383422,103
11/30/2017,12/30/2017,272.6529654,9.181273809,278.1253149,3.293882622,348621,103
12/31/2017,1/30/2018,390.3362801,9.784727984,126.5596834,0.824051333,306988,103
1/31/2018,2/27/2018,315.8775668,8.316200953,329.129144,1.621556885,234319,103
2/28/2018,3/30/2018,253.6915323,9.419392574,385.4766039,3.234098309,285704,103
3/31/2018,4/29/2018,345.5408726,8.103025802,406.6721662,3.270136598,315755,103
4/30/2018,5/30/2018,417.8755495,8.216819159,133.3498884,2.487557131,342986,103
5/31/2018,6/29/2018,251.6293884,7.50855249,113.3983715,3.330056775,311346,103
6/30/2018,7/30/2018,199.9028477,7.46942621,222.5170146,3.309062556,354602,103
7/31/2018,8/30/2018,141.8365253,7.762768074,303.644161,3.29250434,406589,103
8/31/2018,9/29/2018,254.1647941,7.786915126,27.07972154,3.263033839,455163,103
9/30/2018,10/30/2018,337.7617433,7.877082605,129.5934774,3.279642354,445650,103
10/31/2018,11/29/2018,309.8166452,8.550941786,257.4527309,2.479204404,375871,103
11/30/2018,12/30/2018,326.7741308,9.47825562,383.5142555,4.129716904,344366,103
12/31/2018,1/30/2019,333.9213162,9.853314936,355.475444,2.47181308,311510,103
1/31/2019,2/27/2019,269.6614908,7.36465635,430.6507011,3.293520898,275417,103
2/28/2019,3/30/2019,237.7380109,8.096970179,500.7274328,3.265696385,291752,103
3/31/2019,4/29/2019,255.3295633,7.42456464,431.8461063,3.285448959,310239,103
4/30/2019,5/30/2019,251.5640908,7.72615961,606.3476074,2.514834236,323788,103
5/31/2019,6/29/2019,226.5828522,8.247322312,441.5224349,3.313612594,308622,103
6/30/2019,7/30/2019,166.1588159,8.192212921,597.5970907,3.335292292,382666,103
7/31/2019,8/30/2019,135.0020275,8.254784252,444.7325298,3.34009592,447768,103
8/31/2019,9/29/2019,194.2126432,6.65580309,489.8499169,3.313395094,471676,103
9/30/2019,10/30/2019,374.2979834,7.431800109,309.0109353,3.307807731,432846,103
10/31/2019,11/29/2019,291.8971499,8.209796163,435.4410687,2.485932083,355625,103
11/30/2019,12/30/2019,438.039912,9.21421825,390.8112542,4.165635971,325502,103
12/31/2019,1/30/2020,327.4652184,9.695847036,351.9015562,2.486543141,288131,103
1/31/2020,2/28/2020,214.6968214,7.749470061,283.0978083,2.499348018,262081,103
2/29/2020,3/30/2020,418.2469302,9.118331265,368.1452846,3.284651252,281307,103
3/31/2020,4/29/2020,351.4453491,8.325828095,472.4576779,3.3213667,319303,103
4/30/2020,5/30/2020,370.2517198,8.365776092,392.5317761,3.363723867,329879,103
5/31/2020,6/29/2020,350.8517405,8.050598914,363.6584112,2.528949792,353534,103
6/30/2020,7/30/2020,381.2565665,6.671263154,397.9569854,3.341755643,391434,103
7/31/2020,8/30/2020,313.4638562,5.35475061,392.9612723,3.360823662,424155,103
8/31/2020,9/29/2020,380.7029528,6.742157689,324.1170638,2.484948212,397435,103
9/30/2020,10/30/2020,241.4053754,7.243558819,286.8658789,3.325618981,370161,103
10/31/2020,11/29/2020,278.1285971,7.826372272,273.0483418,2.497729284,330431,103
11/30/2020,12/30/2020,304.1809181,10.11138594,222.3386399,2.475624573,306488,103
12/31/2014,1/30/2015,110.3249271,9.115966249,579.4688521,2.136306035,27384,104
1/31/2015,2/27/2015,71.50098342,7.324230874,558.4370786,2.82920164,30431,104
2/28/2015,3/30/2015,256.9417643,8.285694964,584.9482572,2.874083721,42946,104
3/31/2015,4/29/2015,347.7740657,8.640201626,406.51996,3.049668377,47675,104
4/30/2015,5/30/2015,263.5496531,8.090379076,330.1492355,1.586760599,49005,104
5/31/2015,6/29/2015,177.8645725,8.557390776,319.5113361,2.318940381,48012,104
6/30/2015,7/30/2015,136.0350082,8.330650558,419.7809346,2.420693641,51113,104
7/31/2015,8/30/2015,194.8313606,8.782425974,375.8386055,3.094980869,53709,104
8/31/2015,9/29/2015,260.4029296,9.026388057,245.4339999,2.13845666,48352,104
9/30/2015,10/30/2015,296.3448509,9.874588092,309.839138,1.486520025,44306,104
10/31/2015,11/29/2015,490.1185451,10.0407643,209.8617223,1.601906583,31623,104
11/30/2015,12/30/2015,210.6517745,11.11852665,481.7579945,3.736616566,29322,104
12/31/2015,1/30/2016,119.2679646,9.018460644,602.9445474,2.256902943,28867,104
1/31/2016,2/28/2016,138.9295134,8.877796793,381.6385801,3.076737464,30978,104
2/29/2016,3/30/2016,115.8153616,8.274676416,718.9894771,2.956356766,35366,104
3/31/2016,4/29/2016,191.4023937,7.630515565,482.7139941,1.453155978,35869,104
4/30/2016,5/30/2016,403.6868506,10.15536203,243.9474582,3.094845017,34968,104
5/31/2016,6/29/2016,150.8969979,9.175903653,416.8360487,2.323902988,35610,104
6/30/2016,7/30/2016,203.3212867,9.923457621,471.4567672,3.140135819,34426,104
7/31/2016,8/30/2016,132.9728908,8.485258674,127.0826186,1.5482907,38546,104
8/31/2016,9/29/2016,170.258808,11.59097613,266.3493653,2.365558547,39751,104
9/30/2016,10/30/2016,175.3541826,9.015222519,101.9405853,0.820684826,33918,104
10/31/2016,11/29/2016,323.1199317,12.00858495,46.40526877,0,35278,104
11/30/2016,12/30/2016,202.5910994,10.73028457,240.6488157,3.151260263,34513,104
12/31/2016,1/30/2017,278.7957406,9.881389679,282.2157549,2.392564235,33813,104
1/31/2017,2/27/2017,134.3923333,9.67074817,350.2747404,3.080849186,36480,104
2/28/2017,3/30/2017,356.7200463,11.0010302,488.6686019,3.07144788,47571,104
3/31/2017,4/29/2017,361.8722185,10.61804385,346.4799587,2.397082605,45667,104
4/30/2017,5/30/2017,216.5447633,10.69172499,200.0824902,1.59243441,46851,104
5/31/2017,6/29/2017,128.4755967,9.487922012,529.6946394,3.189254592,40687,104
6/30/2017,7/30/2017,103.9402384,10.81069405,424.1496145,3.131102176,48657,104
7/31/2017,8/30/2017,165.2366348,11.09883342,194.6908908,3.138812711,46604,104
8/31/2017,9/29/2017,206.5776734,10.26962302,206.0845315,1.595526518,47412,104
9/30/2017,10/30/2017,209.6494872,9.039018199,326.2042761,1.567423871,46343,104
10/31/2017,11/29/2017,408.1489826,10.68103127,163.1399651,0.784258478,47419,104
11/30/2017,12/30/2017,168.1251551,9.811482618,277.9541964,3.196832869,45015,104
12/31/2017,1/30/2018,278.8684988,11.44737736,138.513468,0.785462614,40805,104
1/31/2018,2/27/2018,74.63170871,8.517108729,570.4148756,2.915149135,36908,104
2/28/2018,3/30/2018,238.7070776,9.390260612,500.505241,2.869359561,44946,104
3/31/2018,4/29/2018,273.6145204,8.557059976,184.8517357,2.259607295,42942,104
4/30/2018,5/30/2018,297.6947435,9.762074015,110.1457689,0.807020363,41904,104
5/31/2018,6/29/2018,168.932642,9.562328228,85.30840313,3.22089525,38429,104
6/30/2018,7/30/2018,108.65204,9.268002453,60.11698539,2.381117463,45019,104
7/31/2018,8/30/2018,75.088375,8.106834062,188.7128151,2.970041845,45988,104
8/31/2018,9/29/2018,221.4855774,9.331151282,61.51517718,1.54984018,47799,104
9/30/2018,10/30/2018,401.6683648,11.04620724,26.78558509,1.625097861,49756,104
10/31/2018,11/29/2018,369.5086827,10.39053419,222.1034643,2.39171328,43621,104
11/30/2018,12/30/2018,315.3205192,10.69691429,226.0355614,2.331446805,41387,104
12/31/2018,1/30/2019,130.4625823,9.615376179,392.2248324,2.332071713,43624,104
1/31/2019,2/27/2019,131.341926,8.717365671,615.9688666,2.980146553,43806,104
2/28/2019,3/30/2019,183.3942196,9.152333014,631.4659224,2.926846531,48250,104
3/31/2019,4/29/2019,284.5645243,8.434337137,357.9465013,3.042211316,49018,104
4/30/2019,5/30/2019,245.4513561,7.702824028,428.3098565,2.33745898,48244,104
5/31/2019,6/29/2019,185.0324379,7.948553579,223.7747755,2.363664386,41022,104
6/30/2019,7/30/2019,116.4556299,8.686121405,435.7533552,3.125775269,49135,104
7/31/2019,8/30/2019,107.3774828,9.891802654,225.7026038,1.641034812,50422,104
8/31/2019,9/29/2019,143.0382901,8.309397499,328.5994233,2.286090465,44194,104
9/30/2019,10/30/2019,489.0721552,9.923828533,314.023303,2.372576398,39375,104
10/31/2019,11/29/2019,345.6433878,10.35824546,284.7107326,1.577868123,34940,104
11/30/2019,12/30/2019,192.1057359,12.25336405,498.0936717,3.785599322,29807,104
12/31/2019,1/30/2020,137.9841815,10.33468294,534.0286514,2.265369177,28636,104
1/31/2020,2/28/2020,115.5309547,10.54485783,416.9731782,2.939541469,39458,104
2/29/2020,3/30/2020,205.6516511,9.629368834,441.9696099,2.972628893,46168,104
3/31/2020,4/29/2020,486.7840178,10.61769447,411.9946007,2.335301871,48506,104
4/30/2020,5/30/2020,313.6019217,9.89912118,231.1879084,1.597866005,46235,104
5/31/2020,6/29/2020,161.789892,10.46473276,252.3546751,1.60576586,52078,104
6/30/2020,7/30/2020,296.3033212,11.7047614,253.5494588,2.370113735,48298,104
7/31/2020,8/30/2020,110.5975499,10.84038293,398.9785847,3.114077073,47878,104
8/31/2020,9/29/2020,293.0774076,10.5748238,249.1265383,3.145173604,45758,104
9/30/2020,10/30/2020,177.5557144,10.83556374,110.7708241,0.825588519,39927,104
10/31/2020,11/29/2020,346.0665899,10.85137909,136.5629358,1.564450201,33846,104
11/30/2020,12/30/2020,192.151641,11.80231135,158.9553853,1.582751011,32747,104
12/31/2014,1/30/2015,103.1980532,6.890881389,311.9842378,2.276286664,19382,105
1/31/2015,2/27/2015,35.77328859,5.635473534,399.465718,2.277051469,17106,105
2/28/2015,3/30/2015,33.13285131,4.62596673,532.9366862,3.048372257,25482,105
3/31/2015,4/29/2015,117.0780401,4.476644011,398.0367265,2.341435628,36875,105
4/30/2015,5/30/2015,278.7871629,4.447220671,539.9717349,2.41125709,45605,105
5/31/2015,6/29/2015,192.833673,5.671184346,402.8902992,3.222565368,44455,105
6/30/2015,7/30/2015,246.5126435,6.982474081,356.6186809,3.230697757,47799,105
7/31/2015,8/30/2015,242.2579802,5.436005472,463.6957453,3.197893049,59111,105
8/31/2015,9/29/2015,252.2209144,6.322630876,262.3543227,2.94783815,52581,105
9/30/2015,10/30/2015,255.1433473,6.09662785,315.212987,3.081246453,60737,105
10/31/2015,11/29/2015,415.6654134,7.38172301,279.5769135,2.149564417,50408,105
11/30/2015,12/30/2015,194.260539,6.963094718,368.1851271,3.530120356,36988,105
12/31/2015,1/30/2016,55.80561904,6.432505441,467.6305287,1.54160998,25493,105
1/31/2016,2/28/2016,81.19391024,5.571209584,222.9616797,1.605715783,23118,105
2/29/2016,3/30/2016,16.71092792,5.407491155,721.3045852,3.113616848,28228,105
3/31/2016,4/29/2016,53.84910266,2.587935779,588.9677341,3.066571244,31257,105
4/30/2016,5/30/2016,242.3705838,1.972682206,351.242001,3.139958628,37282,105
5/31/2016,6/29/2016,282.8539535,3.435575447,404.3084415,2.414164429,38431,105
6/30/2016,7/30/2016,278.3363881,2.953091659,413.729949,2.437676095,40372,105
7/31/2016,8/30/2016,228.4907302,2.395505618,134.1656697,1.626739705,44043,105
8/31/2016,9/29/2016,335.6380841,2.616697818,360.5828779,3.213399152,47424,105
9/30/2016,10/30/2016,472.5302163,3.423725565,157.1252611,0.805139627,51095,105
10/31/2016,11/29/2016,468.542693,5.626818376,160.1960963,0,42896,105
11/30/2016,12/30/2016,561.8758318,4.727266663,171.9560552,2.3229309,36326,105
12/31/2016,1/30/2017,446.6224785,4.1561316,146.5688312,0.805502634,28822,105
1/31/2017,2/27/2017,43.05452217,2.701802949,262.321988,0.800336305,23620,105
2/28/2017,3/30/2017,184.0623865,3.448380389,463.7149116,3.183225369,23124,105
3/31/2017,4/29/2017,173.0434638,3.045591696,429.19156,3.24403832,30667,105
4/30/2017,5/30/2017,317.5218252,4.092056301,362.3592035,2.473279386,36247,105
5/31/2017,6/29/2017,286.3081091,5.179428967,594.5765139,3.298378322,30230,105
6/30/2017,7/30/2017,204.2930253,5.369590738,451.9894436,3.268036706,47134,105
7/31/2017,8/30/2017,325.97493,4.414868919,404.3721527,3.27283795,54379,105
8/31/2017,9/29/2017,317.2172932,5.970456819,340.5891945,3.264247084,54843,105
9/30/2017,10/30/2017,328.4926234,6.555611214,255.9347155,1.630958674,61088,105
10/31/2017,11/29/2017,683.1955127,7.744767514,235.9088307,1.632635883,56871,105
11/30/2017,12/30/2017,302.2732105,8.995586984,194.7932681,1.663384402,47706,105
12/31/2017,1/30/2018,265.7046839,6.437129912,121.7673719,0,37467,105
1/31/2018,2/27/2018,36.37516611,5.976161317,369.120223,3.172436708,34204,105
2/28/2018,3/30/2018,49.97286332,7.257362092,424.6593941,3.101976702,36428,105
3/31/2018,4/29/2018,125.4196139,5.141183571,254.3207168,3.170274939,38184,105
4/30/2018,5/30/2018,197.3455578,5.891123346,197.5750475,1.609728205,34495,105
5/31/2018,6/29/2018,201.3327304,6.670726484,146.7938674,3.28827112,29723,105
6/30/2018,7/30/2018,220.2075069,6.45610621,144.2444989,3.246144035,35051,105
7/31/2018,8/30/2018,149.1581057,6.193246861,284.3923611,3.243443322,38831,105
8/31/2018,9/29/2018,232.5449705,6.525313981,116.9504037,3.201495251,50549,105
9/30/2018,10/30/2018,332.7422364,9.709305549,84.30073185,2.400723872,55265,105
10/31/2018,11/29/2018,488.2961046,8.850297014,220.1788791,2.420405279,49422,105
11/30/2018,12/30/2018,512.1317883,9.35249567,207.5063107,2.394332408,46797,105
12/31/2018,1/30/2019,110.3977525,10.34497901,324.2152981,2.372963058,44399,105
1/31/2019,2/27/2019,22.13589743,8.32466949,489.6156103,3.192374736,40879,105
2/28/2019,3/30/2019,96.67849334,5.521582771,625.3412234,3.126644736,42808,105
3/31/2019,4/29/2019,127.4267852,5.339071396,487.6634213,2.379395251,42845,105
4/30/2019,5/30/2019,268.0444807,7.463376469,453.8336195,2.416871519,44614,105
5/31/2019,6/29/2019,309.3739697,6.748096647,392.0565677,2.442468772,46966,105
6/30/2019,7/30/2019,174.5462196,6.964468152,547.6836649,3.27527507,51818,105
7/31/2019,8/30/2019,167.7723215,7.557060426,432.7463487,3.225733976,51640,105
8/31/2019,9/29/2019,226.1380787,7.043768833,420.8924163,3.267555327,52965,105
9/30/2019,10/30/2019,287.9454149,9.668802742,320.0459994,1.633264303,52760,105
10/31/2019,11/29/2019,630.340204,10.62092374,183.2028044,1.623699394,46182,105
11/30/2019,12/30/2019,175.6828653,8.603125211,347.1482421,2.372134199,38354,105
12/31/2019,1/30/2020,22.51988527,7.546924029,346.904658,2.394825283,28160,105
1/31/2020,2/28/2020,78.32275727,7.116357679,363.8974454,3.166578546,27975,105
2/29/2020,3/30/2020,58.71962837,5.69462755,551.1776906,3.119581251,35057,105
3/31/2020,4/29/2020,251.9347333,6.531528524,325.5523706,2.388932267,45208,105
4/30/2020,5/30/2020,166.7990032,6.098602316,411.623979,3.296602862,42796,105
5/31/2020,6/29/2020,270.8810766,9.39156879,246.1001521,1.656229889,57392,105
6/30/2020,7/30/2020,294.0619751,6.175138313,449.9155323,3.287943863,56995,105
7/31/2020,8/30/2020,225.611583,6.524683093,520.9948013,3.253777837,57818,105
8/31/2020,9/29/2020,211.4918917,7.95821279,280.9391309,3.243070826,57474,105
9/30/2020,10/30/2020,352.5027191,6.543057396,187.503687,2.445563719,51821,105
10/31/2020,11/29/2020,530.1357408,8.514629204,173.0054883,1.606384569,44947,105
11/30/2020,12/30/2020,448.0424067,10.71962309,190.8539706,1.581782799,35728,105
